fecha,nodo,metodo,muestras,duracion_s,frecuencia_hz,bias_gx_rad_s,bias_gy_rad_s,bias_gz_rad_s,acc_x_m_s2,acc_y_m_s2,acc_z_m_s2,g_medido_m_s2
2026-10-07T11:13:43,dmp_estimator,DMP,300,1.80,167,0.07262,-0.05856,-0.13818,-0.5296,1.8591,9.5463,9.7400
2026-10-07T11:13:43,complementary_estimator,complementary,300,2.02,148,0.07267,-0.05859,-0.13821,-0.5302,1.8593,9.5467,9.7405
2026-10-07T11:13:43,madgwick_estimator,madgwick,300,2.06,145,0.07270,-0.05861,-0.13826,-0.5305,1.8588,9.5471,9.7408
2026-10-07T11:16:53,madgwick_estimator,madgwick,300,1.79,167,0.07196,-0.05906,-0.13933,-0.5707,1.7243,9.5504,9.7216
2026-10-07T11:16:53,complementary_estimator,complementary,300,2.23,135,0.07215,-0.05658,-0.13887,-0.5750,1.7197,9.5520,9.7226
2026-10-07T11:16:53,dmp_estimator,DMP,300,2.30,130,0.07157,-0.05565,-0.13943,-0.5773,1.7294,9.5538,9.7262
2026-10-07T11:22:28,dmp_estimator,DMP,300,1.52,198,0.07265,-0.05858,-0.13858,-0.6165,1.7020,9.5479,9.7180
2026-10-07T11:22:28,madgwick_estimator,madgwick,300,1.52,198,0.07265,-0.05858,-0.13858,-0.6165,1.7020,9.5479,9.7180
2026-10-07T11:22:28,complementary_estimator,complementary,300,1.52,198,0.07265,-0.05858,-0.13858,-0.6165,1.7020,9.5478,9.7179
2026-10-07T11:25:26,complementary_estimator,complementary,300,1.58,190,0.07316,-0.05859,-0.14029,-0.6575,1.6843,9.5480,9.7177
2026-10-07T11:25:26,madgwick_estimator,madgwick,300,1.58,190,0.07316,-0.05859,-0.14028,-0.6574,1.6842,9.5480,9.7177
2026-10-07T11:25:26,dmp_estimator,DMP,300,1.58,190,0.07316,-0.05859,-0.14028,-0.6574,1.6843,9.5480,9.7177
